frame,time_s,p1_x,p1_y,p2_x,p2_y
0,0.00,329.07,434.27,980.32,275.52
1,0.03,330.37,434.72,985.39,278.55
2,0.07,372.58,442.08,986.91,278.17
3,0.10,373.16,442.02,952.12,331.00
4,0.13,373.32,441.91,976.98,310.48
5,0.17,371.26,445.92,987.65,303.54
6,0.20,371.37,445.27,982.86,308.59
7,0.23,371.73,444.87,982.49,307.03
8,0.27,374.55,442.22,977.72,310.47
9,0.30,373.11,446.46,985.38,309.72
10,0.33,372.81,446.48,985.22,310.20
11,0.37,373.33,445.30,983.53,307.62
12,0.40,374.13,440.54,978.90,310.50
13,0.43,370.33,443.33,976.49,306.46
14,0.47,371.81,444.14,982.19,306.94
15,0.50,375.88,440.30,978.41,311.61
16,0.53,376.42,440.68,978.39,311.42
17,0.57,376.31,440.23,979.26,310.93
18,0.60,375.81,440.95,979.28,310.59
19,0.63,375.65,443.50,981.71,310.33
20,0.67,373.99,445.10,981.70,307.73
21,0.70,375.16,446.50,984.54,309.73
22,0.73,374.85,445.43,982.08,307.89
23,0.77,374.81,445.83,983.07,308.16
24,0.80,373.87,445.22,981.59,307.10
25,0.83,376.10,444.23,980.41,309.78
26,0.87,377.67,442.77,978.99,310.69
27,0.90,373.67,444.53,978.64,306.36
28,0.93,374.02,444.63,978.77,306.34
29,0.97,373.68,444.71,978.57,306.45
30,1.00,374.00,444.76,979.51,306.44
31,1.03,375.18,447.26,984.48,312.82
32,1.07,377.14,444.35,979.77,310.90
33,1.10,376.20,443.80,983.45,305.52
34,1.13,376.46,444.10,984.24,303.82
35,1.17,374.30,446.04,986.19,303.43
36,1.20,372.14,445.00,962.25,301.63
37,1.23,372.41,445.17,929.83,303.51
38,1.27,376.00,449.21,892.13,313.52
39,1.30,371.24,445.11,857.58,321.51
40,1.33,373.54,441.19,834.82,303.49
41,1.37,373.16,441.29,816.89,307.36
42,1.40,371.59,444.98,797.36,305.07
43,1.43,374.67,444.64,786.83,304.19
44,1.47,374.53,445.25,778.99,302.82
45,1.50,308.78,436.21,775.19,303.62
46,1.53,281.23,431.92,772.95,304.26
47,1.57,280.75,431.20,769.90,307.39
48,1.60,282.99,432.40,764.50,309.87
49,1.63,284.57,433.53,757.88,313.00
50,1.67,284.15,433.32,747.94,316.58
51,1.70,288.66,436.43,731.75,311.70
52,1.73,309.71,435.67,723.50,317.56
53,1.77,362.77,443.53,721.37,318.83
54,1.80,361.82,443.06,722.10,320.58
55,1.83,370.63,444.59,722.63,320.23
56,1.87,396.54,447.92,721.35,316.53
57,1.90,425.24,452.51,699.89,310.75
58,1.93,445.38,455.62,675.62,307.74
59,1.97,454.57,456.21,653.22,306.58
60,2.00,464.81,456.31,635.24,307.86
61,2.03,469.82,457.62,611.79,305.80
62,2.07,475.14,458.22,593.92,305.31
63,2.10,477.42,458.36,579.28,304.32
64,2.13,477.22,458.21,570.95,302.89
65,2.17,476.98,458.00,574.58,302.50
66,2.20,481.95,456.52,591.54,301.81
67,2.23,487.99,457.38,609.64,300.06
68,2.27,500.57,459.84,628.07,300.68
69,2.30,521.31,466.05,644.84,294.47
70,2.33,552.80,468.57,659.29,284.77
71,2.37,567.73,468.54,682.95,283.77
72,2.40,681.96,516.03,704.62,268.83
73,2.43,701.21,517.36,731.26,260.32
74,2.47,702.65,508.98,764.64,263.04
75,2.50,701.12,502.57,791.85,272.93
76,2.53,700.09,504.20,811.71,282.29
77,2.57,689.13,503.36,834.44,295.81
78,2.60,673.75,498.86,845.33,307.94
79,2.64,655.75,476.49,857.41,321.44
80,2.67,637.64,449.37,860.35,337.27
81,2.70,624.73,429.00,868.28,351.20
82,2.74,608.86,402.60,865.07,362.85
83,2.77,597.78,378.55,865.62,376.51
84,2.80,593.28,354.92,866.64,392.18
85,2.84,589.46,331.14,863.89,403.31
86,2.87,586.04,310.07,858.50,410.67
87,2.90,606.21,305.02,853.76,418.50
88,2.94,621.29,304.50,851.68,427.24
89,2.97,632.52,303.82,849.57,432.37
90,3.00,639.35,304.09,844.66,436.54
91,3.04,644.41,303.34,843.11,438.07
92,3.07,648.56,303.34,842.29,440.65
93,3.10,650.64,303.67,841.53,442.34
94,3.14,651.45,303.51,841.20,443.11
95,3.17,651.49,303.52,841.41,443.37
96,3.20,650.45,303.64,842.49,443.08
97,3.24,647.40,305.33,840.87,441.87
98,3.27,644.10,303.47,845.62,439.84
99,3.30,638.84,304.93,845.71,437.49
100,3.34,632.42,303.56,851.33,433.32
101,3.37,624.25,305.31,852.22,430.29
102,3.40,611.97,305.31,855.76,423.54
103,3.44,600.92,307.45,861.04,419.54
104,3.47,580.65,307.63,864.85,410.21
105,3.50,592.16,329.10,869.52,401.76
106,3.54,594.29,349.45,873.30,391.20
107,3.57,593.17,376.21,875.26,380.01
108,3.60,600.58,399.38,875.08,366.96
109,3.64,613.07,421.06,872.35,355.57
110,3.67,626.30,439.67,872.67,340.97
111,3.70,641.99,461.59,870.35,329.56
112,3.74,657.58,474.72,864.64,315.04
113,3.77,672.28,484.90,856.04,300.22
114,3.80,686.61,493.53,846.64,283.99
115,3.84,691.19,493.36,831.05,274.19
116,3.87,691.51,495.30,815.73,266.87
117,3.90,688.86,499.77,796.10,264.70
118,3.94,666.76,492.15,766.55,263.49
119,3.97,613.69,443.28,735.90,265.04
120,4.00,594.21,442.14,720.10,274.95
121,4.04,578.41,421.14,693.68,276.81
122,4.07,570.31,408.69,674.66,298.68
123,4.10,569.54,408.15,646.99,301.22
124,4.14,571.60,413.98,641.06,321.74
125,4.17,577.58,424.58,645.64,343.29
126,4.20,584.52,437.40,651.61,359.58
127,4.24,592.09,448.49,659.76,372.24
128,4.27,599.67,457.22,668.33,379.76
129,4.30,609.09,471.23,680.24,386.10
130,4.34,618.12,484.44,691.59,383.05
131,4.37,626.71,497.86,704.80,372.78
132,4.40,633.96,509.13,720.61,353.26
133,4.44,640.55,519.99,729.43,352.82
134,4.47,640.56,519.89,729.32,358.01
135,4.50,640.11,519.58,729.56,360.38
136,4.54,640.31,519.91,731.16,361.41
137,4.57,640.01,519.28,732.71,359.53
138,4.60,638.18,515.28,734.68,352.45
139,4.64,631.90,506.91,735.67,342.29
140,4.67,628.93,502.71,738.67,335.97
141,4.70,621.26,490.52,736.73,325.38
142,4.74,615.95,481.83,737.27,323.84
143,4.77,612.36,474.03,738.38,325.58
144,4.80,609.17,468.41,738.38,325.09
145,4.84,606.79,464.69,738.28,325.15
146,4.87,605.94,462.66,738.39,324.93
147,4.90,605.69,462.03,738.84,324.94
148,4.94,605.71,462.67,739.06,324.85
149,4.97,606.22,464.30,739.68,325.02
150,5.00,607.21,466.82,740.29,325.12
151,5.04,607.91,468.91,740.59,325.49
152,5.07,607.49,468.19,740.53,325.04
153,5.10,605.61,468.58,735.87,329.66
154,5.14,605.68,468.62,733.66,336.51
155,5.17,608.63,468.93,730.06,341.66
156,5.20,608.43,469.26,725.09,345.76
157,5.24,607.41,467.14,723.36,345.03
158,5.27,605.41,468.96,719.23,342.69
159,5.30,605.50,468.90,719.35,338.31
160,5.34,605.65,465.06,726.38,326.46
161,5.37,605.39,468.95,709.03,317.32
162,5.40,605.62,468.92,689.11,302.37
163,5.44,605.14,468.41,671.33,296.92
164,5.47,607.27,466.15,661.76,296.34
165,5.50,600.72,457.95,653.37,299.49
166,5.54,589.17,438.71,650.76,297.55
167,5.57,575.29,418.25,656.97,297.06
168,5.60,566.90,405.14,669.89,286.66
169,5.64,599.16,376.66,693.33,266.37
170,5.67,623.04,351.85,714.67,250.34
171,5.70,650.61,333.97,742.23,235.96
172,5.74,686.25,322.49,775.31,230.98
173,5.77,723.82,319.08,808.96,233.57
174,5.80,745.96,327.14,841.80,246.23
175,5.84,761.60,349.82,865.21,267.89
176,5.87,764.79,349.12,886.13,289.56
177,5.90,765.32,349.85,896.86,317.86
178,5.94,764.74,349.38,899.75,343.95
179,5.97,763.11,351.29,894.78,370.20
180,6.00,763.28,350.80,889.76,390.18
181,6.04,760.12,349.92,879.07,405.79
182,6.07,762.56,351.12,871.51,421.76
183,6.10,762.37,353.03,858.66,436.33
184,6.14,763.86,352.46,850.87,445.62
185,6.17,761.97,353.22,837.48,453.48
186,6.20,761.22,354.43,826.77,460.10
187,6.24,763.27,354.58,821.02,465.60
188,6.27,762.80,354.56,812.24,468.83
189,6.30,760.88,354.00,802.52,470.10
190,6.34,760.61,354.13,795.29,472.38
191,6.37,759.71,353.96,787.78,473.74
192,6.40,759.37,353.85,780.98,474.81
193,6.44,762.06,355.35,778.27,478.84
194,6.47,756.86,351.38,767.46,474.36
195,6.50,755.58,351.73,760.30,474.80
196,6.54,755.20,351.49,754.24,474.52
197,6.57,755.45,351.33,748.50,474.12
198,6.60,754.81,350.49,742.14,472.45
199,6.64,753.85,350.80,735.14,471.40
200,6.67,752.84,350.60,728.68,469.60
201,6.70,750.82,355.07,721.54,466.89
202,6.74,746.59,356.58,712.78,463.20
203,6.77,742.80,357.10,703.43,458.24
204,6.80,740.70,356.51,694.53,452.52
205,6.84,739.70,351.96,685.61,443.64
206,6.87,739.21,347.45,677.12,434.50
207,6.90,739.50,342.72,669.45,423.22
208,6.94,740.26,339.72,662.53,410.01
209,6.97,740.37,337.60,657.31,394.63
210,7.00,740.73,335.05,653.55,377.09
211,7.04,742.13,331.99,653.22,356.89
212,7.07,743.77,328.58,656.53,335.25
213,7.10,746.43,324.87,669.20,319.84
214,7.14,755.63,324.23,687.67,312.50
215,7.17,770.18,329.47,712.36,320.66
216,7.20,798.06,332.91,751.51,317.49
217,7.24,820.80,326.39,780.07,316.03
218,7.27,855.84,320.60,821.08,312.66
219,7.30,887.62,332.69,851.37,325.76
220,7.34,908.43,348.95,875.48,344.16
221,7.37,924.48,367.05,890.14,356.87
222,7.40,927.73,369.25,901.33,382.29
223,7.44,926.74,371.70,904.61,403.80
224,7.47,924.01,381.30,898.42,411.99
225,7.50,916.36,393.97,889.24,427.15
226,7.54,912.66,415.09,883.19,448.16
227,7.57,903.42,429.68,872.62,463.58
228,7.60,898.01,443.88,865.27,477.04
229,7.64,883.77,459.97,848.39,492.21
230,7.67,872.32,469.53,834.08,501.60
231,7.71,861.69,476.98,820.47,506.52
232,7.74,851.53,483.59,807.92,510.58
233,7.77,840.34,488.49,794.60,512.68
234,7.81,829.36,493.20,781.75,514.88
235,7.84,825.76,494.00,776.60,514.19
236,7.87,819.13,494.58,768.20,513.05
237,7.91,809.89,496.79,757.48,513.23
238,7.94,800.17,498.20,746.69,512.88
239,7.97,793.45,498.60,739.11,512.08
240,8.01,784.49,501.25,729.39,513.92
241,8.04,775.50,499.25,720.44,511.81
242,8.07,766.31,496.93,711.77,510.53
243,8.11,756.71,493.73,703.35,508.96
244,8.14,746.41,489.14,694.97,506.16
245,8.17,736.28,482.90,687.13,501.71
246,8.21,725.92,475.02,678.47,495.62
247,8.24,704.65,463.95,659.45,485.55
248,8.27,703.61,453.31,659.07,475.60
249,8.31,686.41,440.22,641.95,463.86
250,8.34,678.71,425.55,635.07,450.95
251,8.37,672.51,408.65,629.91,435.33
252,8.41,675.72,390.50,633.67,417.28
253,8.44,669.83,370.94,629.31,398.89
254,8.47,679.87,357.59,642.72,377.88
255,8.51,680.85,344.97,649.73,352.16
256,8.54,695.91,342.45,668.78,330.47
257,8.57,721.63,358.22,694.67,328.60
258,8.61,725.48,360.98,716.84,320.35
259,8.64,771.05,348.92,766.92,313.66
260,8.67,785.09,346.08,778.61,318.50
261,8.71,790.06,357.51,775.50,328.93
262,8.74,797.42,352.56,781.05,331.93
263,8.77,815.96,352.77,793.58,337.39
264,8.81,800.24,363.41,788.80,340.00
265,8.84,790.65,378.41,784.18,353.32
266,8.87,790.89,381.13,792.58,355.15
267,8.91,778.38,388.08,782.14,362.59
268,8.94,783.57,388.98,792.31,364.34
269,8.97,779.22,392.29,789.13,367.03
270,9.01,773.52,393.19,773.88,360.49
271,9.04,760.59,388.76,768.41,361.79
272,9.07,754.39,382.48,767.75,361.29
273,9.11,749.92,381.18,759.34,356.09
274,9.14,738.19,384.26,749.41,358.85
275,9.17,730.81,389.42,747.53,362.90
276,9.21,717.06,392.89,745.48,364.56
277,9.24,698.84,393.45,738.08,362.15
278,9.27,684.94,395.65,735.34,361.38
279,9.31,672.07,395.68,732.78,358.84
280,9.34,661.59,393.17,730.23,355.64
281,9.37,654.80,387.88,728.30,352.56
282,9.41,651.53,380.81,726.20,349.49
283,9.44,652.06,372.62,725.27,346.09
284,9.47,656.23,365.33,724.70,343.05
285,9.51,658.24,367.69,722.31,334.69
286,9.54,655.94,404.89,722.46,330.11
287,9.57,654.56,398.71,722.71,325.47
288,9.61,654.74,395.41,730.02,328.69
289,9.64,651.11,385.87,733.61,324.28
290,9.67,647.27,374.35,736.81,318.17
291,9.71,642.45,359.46,737.52,310.19
292,9.74,639.29,341.45,737.93,299.08
293,9.77,638.60,320.68,740.42,288.62
294,9.81,642.22,299.99,750.66,288.26
295,9.84,647.80,300.46,761.91,288.57
296,9.87,658.98,286.84,775.76,288.45
297,9.91,694.56,281.77,787.34,292.07
298,9.94,719.55,266.97,802.38,291.86
299,9.97,751.57,255.50,820.85,291.77
300,10.01,785.26,249.82,849.57,290.85
301,10.04,820.50,248.65,882.15,291.10
302,10.07,856.56,250.16,917.79,288.03
303,10.11,875.65,263.29,942.31,292.35
304,10.14,887.43,276.28,966.66,293.56
305,10.17,899.12,294.68,973.33,293.98
306,10.21,909.38,313.41,978.72,292.21
307,10.24,910.84,336.28,978.88,292.76
308,10.27,907.56,357.69,975.60,298.16
309,10.31,901.42,376.06,965.96,305.03
310,10.34,893.07,392.09,949.45,312.11
311,10.37,884.62,404.50,927.87,316.71
312,10.41,876.65,414.87,904.29,321.13
313,10.44,866.24,423.04,875.14,327.05
314,10.47,862.12,427.00,853.69,329.87
315,10.51,857.29,429.95,829.61,335.83
316,10.54,852.32,431.85,821.93,340.68
317,10.57,847.10,432.27,821.26,341.54
318,10.61,842.64,432.75,819.47,340.55
319,10.64,837.23,430.63,816.36,338.37
320,10.67,834.68,427.98,817.91,342.12
321,10.71,837.04,425.36,805.27,343.60
322,10.74,839.06,423.86,806.98,351.30
323,10.77,843.02,419.35,808.12,348.64
324,10.81,848.93,414.87,807.68,340.89
325,10.84,856.43,407.90,807.97,334.68
326,10.87,866.41,401.27,810.13,331.32
327,10.91,875.43,391.81,811.30,327.87
328,10.94,883.98,381.17,811.08,324.20
329,10.97,890.97,370.63,809.97,321.48
330,11.01,896.15,352.42,802.23,313.78
331,11.04,900.66,333.26,813.45,302.91
332,11.07,903.51,314.20,842.12,298.93
333,11.11,903.83,287.98,864.28,300.55
334,11.14,891.50,285.56,850.67,304.13
335,11.17,876.71,274.82,834.90,293.25
336,11.21,858.73,273.61,821.03,290.62
337,11.24,834.95,268.81,802.20,297.26
338,11.27,806.32,268.47,759.72,296.29
339,11.31,773.25,269.74,748.21,293.26
340,11.34,731.20,275.95,737.11,297.97
341,11.37,714.94,282.13,723.89,305.12
342,11.41,703.46,290.64,715.57,315.30
343,11.44,698.25,310.80,719.98,333.22
344,11.47,670.03,316.64,712.64,337.43
345,11.51,667.68,334.22,721.49,348.69
346,11.54,667.54,350.52,717.27,356.12
347,11.57,670.86,365.23,718.81,363.33
348,11.61,676.62,378.42,720.54,370.76
349,11.64,683.83,389.27,721.91,377.23
350,11.67,691.07,397.83,728.45,380.73
351,11.71,694.39,404.53,744.02,373.81
352,11.74,698.71,408.64,746.59,373.72
353,11.77,704.01,413.80,749.09,376.98
354,11.81,705.29,418.12,749.76,379.43
355,11.84,704.15,413.45,750.35,372.98
356,11.87,697.93,420.36,748.76,373.96
357,11.91,694.71,423.76,749.61,373.35
358,11.94,691.40,427.62,749.62,373.18
359,11.97,688.59,431.87,749.89,373.61
360,12.01,685.96,436.10,749.37,373.80
361,12.04,683.76,439.17,748.93,373.96
362,12.07,681.58,442.58,748.94,374.22
363,12.11,679.42,443.50,741.42,380.12
364,12.14,674.20,444.87,732.30,388.06
365,12.17,670.61,444.91,726.19,393.08
366,12.21,665.33,443.50,719.57,395.80
367,12.24,661.53,442.95,714.81,399.40
368,12.27,654.71,436.61,708.25,396.02
369,12.31,648.15,430.69,702.38,393.43
370,12.34,641.97,422.41,697.45,388.93
371,12.37,634.19,413.83,691.35,384.61
372,12.41,628.60,399.54,688.58,375.75
373,12.44,624.08,385.85,686.65,369.16
374,12.47,620.44,367.32,685.70,359.16
375,12.51,619.42,343.65,686.76,345.95
376,12.54,624.63,318.60,692.67,334.67
377,12.57,619.94,262.82,699.89,326.16
378,12.61,652.97,254.00,710.80,320.77
379,12.64,672.84,235.93,723.46,320.00
380,12.67,698.17,220.47,737.06,323.85
381,12.71,727.91,210.15,749.66,328.71
382,12.74,762.44,208.23,756.00,330.46
383,12.78,798.16,211.30,765.91,328.38
384,12.81,829.76,222.60,779.11,332.32
385,12.84,853.34,241.00,785.89,339.74
386,12.88,870.12,249.09,789.56,352.09
387,12.91,888.41,248.87,786.88,357.28
388,12.94,923.80,246.97,785.53,362.16
389,12.98,933.75,247.46,783.97,367.33
390,13.01,906.70,251.06,778.92,373.83
391,13.04,888.73,249.11,777.79,374.33
392,13.08,855.56,250.04,773.91,376.78
393,13.11,815.34,251.47,770.27,379.05
394,13.14,758.63,253.35,766.15,380.89
395,13.18,766.86,253.15,762.47,381.91
396,13.21,774.00,255.44,759.49,382.34
397,13.24,779.84,267.86,756.37,382.81
398,13.28,783.48,275.97,754.16,383.44
399,13.31,782.32,290.53,749.99,387.54
400,13.34,786.44,298.04,750.05,383.90
401,13.38,786.22,311.32,748.55,383.46
402,13.41,785.91,321.59,747.20,383.76
403,13.44,786.14,330.14,745.23,384.24
404,13.48,785.44,335.07,744.39,384.37
405,13.51,783.93,338.59,747.58,394.34
406,13.54,783.83,340.72,735.80,370.79
407,13.58,783.82,341.42,736.97,376.36
408,13.61,787.29,340.30,739.59,377.88
409,13.64,785.32,337.68,737.29,378.23
410,13.68,785.08,335.91,735.82,378.87
411,13.71,781.03,335.67,736.97,378.22
412,13.74,777.22,337.56,736.85,379.23
413,13.78,783.60,337.06,743.17,380.68
414,13.81,783.23,335.86,739.85,380.49
415,13.84,796.15,333.46,746.73,381.49
416,13.88,798.17,335.20,749.23,382.22
417,13.91,799.12,335.76,751.51,381.47
418,13.94,799.52,334.65,754.35,381.21
419,13.98,797.45,331.75,755.87,380.43
420,14.01,796.90,328.68,766.09,376.58
421,14.04,794.97,324.60,784.40,388.70
422,14.08,794.55,318.86,804.32,399.11
423,14.11,790.62,312.11,819.71,402.53
424,14.14,780.06,303.69,829.22,400.42
