frame,time_s,p1_x,p1_y,p2_x,p2_y,p3_x,p3_y,p4_x,p4_y
0,0.00,473.00,478.00,722.00,478.00,497.00,295.00,706.00,283.00
1,0.02,477.14,478.86,725.43,477.32,498.42,295.44,707.18,283.02
2,0.04,481.75,479.64,728.37,476.96,500.21,295.86,708.57,283.03
3,0.06,486.64,480.18,730.81,476.57,501.82,296.11,709.58,283.04
4,0.08,491.67,480.54,732.92,476.50,503.65,296.25,710.68,283.23
5,0.10,497.11,480.77,734.72,476.40,505.58,296.46,711.80,283.34
6,0.12,502.63,481.00,736.12,476.36,507.51,296.49,712.84,283.41
7,0.14,508.35,480.89,737.08,476.28,509.39,296.68,713.74,283.43
8,0.16,514.11,480.72,737.46,476.30,511.31,296.73,714.32,283.46
9,0.18,519.67,480.41,737.33,476.44,512.91,296.77,714.72,283.42
10,0.20,524.97,479.85,736.57,476.60,514.68,296.94,714.69,283.41
11,0.22,530.02,479.36,735.28,476.87,516.08,296.99,714.66,283.38
12,0.24,534.63,478.60,733.69,477.25,517.42,296.94,714.63,283.34
13,0.26,538.96,477.75,731.82,477.57,518.53,297.02,714.36,283.36
14,0.28,543.04,476.82,729.71,478.13,519.74,296.98,713.96,283.31
15,0.30,546.49,475.78,727.25,478.61,520.96,296.78,713.75,283.42
16,0.32,549.55,474.64,724.53,479.24,521.91,296.44,713.27,283.70
17,0.34,552.02,473.50,721.47,480.09,522.67,295.91,712.70,284.14
18,0.36,553.77,472.50,718.11,480.81,523.11,295.50,712.01,284.38
19,0.38,554.92,471.72,714.58,481.61,523.14,294.94,711.12,285.01
20,0.40,555.29,471.21,711.09,482.36,523.06,294.57,710.23,285.50
21,0.42,555.12,470.78,707.57,482.80,523.05,294.11,709.28,285.84
22,0.44,554.28,470.77,704.10,483.16,522.63,294.01,708.28,286.01
23,0.46,552.83,471.04,700.83,483.34,522.15,293.76,707.11,286.26
24,0.48,551.05,471.62,697.50,483.20,521.13,293.74,706.09,286.26
25,0.50,548.64,472.47,694.30,482.82,520.09,293.93,704.74,285.87
26,0.52,545.48,473.82,691.19,482.21,518.50,294.42,703.15,285.43
27,0.54,541.75,475.34,688.33,481.34,516.77,295.20,701.68,284.67
28,0.56,537.32,476.95,685.76,480.33,514.86,295.91,700.35,283.70
29,0.58,532.46,478.57,683.53,479.29,512.76,296.49,698.95,282.95
30,0.60,527.18,480.17,681.86,478.28,510.62,297.15,697.59,281.94
31,0.62,521.63,481.34,680.45,477.33,508.17,297.69,696.46,281.09
32,0.64,515.83,482.31,679.24,476.60,506.31,297.97,695.28,280.40
33,0.66,509.93,482.77,678.40,476.26,504.14,298.08,694.47,279.88
34,0.68,503.71,482.90,677.72,476.21,501.97,297.79,693.64,279.72
35,0.70,497.43,482.52,677.54,476.42,499.73,297.31,693.16,279.65
36,0.72,491.02,481.73,677.69,476.99,498.01,296.59,692.87,279.95
37,0.74,484.62,480.52,678.34,477.86,496.54,295.43,692.87,280.47
38,0.76,478.71,479.05,679.38,478.83,495.28,294.26,693.32,281.20
39,0.78,473.23,477.38,680.61,479.83,494.15,293.15,693.65,282.03
40,0.80,468.24,475.63,682.18,480.77,493.33,291.87,694.37,282.88
41,0.82,463.64,474.00,683.96,481.63,492.55,290.88,695.04,283.55
42,0.84,459.66,472.50,685.83,482.31,492.01,290.11,695.65,284.22
43,0.86,456.21,471.35,687.93,482.61,491.46,289.40,696.33,284.57
44,0.88,453.20,470.39,690.26,482.76,491.00,289.00,696.90,284.72
45,0.90,451.01,469.80,692.90,482.69,490.52,288.88,697.45,284.73
46,0.92,449.50,469.81,695.55,482.44,490.09,288.96,698.05,284.73
47,0.94,448.98,470.18,698.26,481.94,489.91,289.41,698.40,284.42
48,0.96,449.37,470.83,700.78,481.32,489.92,290.07,698.87,284.03
49,0.98,450.67,471.73,703.32,480.77,490.16,290.59,699.40,283.53
50,1.00,452.73,472.80,705.63,480.19,490.52,291.30,699.87,283.26
51,1.02,455.38,475.36,708.01,479.67,491.18,292.08,700.50,282.87
52,1.04,457.44,484.80,710.34,479.32,492.22,292.57,701.20,282.69
53,1.06,461.71,486.13,712.52,479.03,493.40,293.32,701.99,282.61
54,1.08,466.67,487.26,714.65,478.89,494.80,293.87,702.98,282.62
55,1.10,472.26,488.45,716.42,478.81,496.53,294.38,703.88,282.68
56,1.12,478.51,489.19,717.97,478.88,498.49,294.73,704.86,282.99
57,1.14,485.07,489.90,719.11,479.10,500.57,295.04,705.64,283.22
58,1.16,491.67,490.34,719.94,479.28,502.55,295.33,706.58,283.40
59,1.18,498.57,490.56,720.63,479.36,504.82,295.57,707.46,283.62
60,1.20,505.22,490.61,721.11,479.42,506.97,295.73,708.32,283.70
61,1.22,511.79,490.46,721.40,479.41,508.79,295.90,708.85,283.70
62,1.24,518.49,490.07,721.41,479.42,510.99,296.20,709.39,283.68
63,1.26,524.96,489.51,721.11,479.42,512.89,296.23,709.83,283.68
64,1.28,531.44,488.60,720.47,479.41,514.77,296.39,709.99,283.64
65,1.30,537.41,487.54,719.47,479.39,516.60,296.37,710.17,283.59
66,1.32,542.73,486.38,718.38,479.39,518.37,296.37,710.35,283.54
67,1.34,547.40,485.17,717.24,479.55,519.96,296.16,710.42,283.55
68,1.36,551.59,483.75,716.02,479.73,521.25,295.93,710.48,283.67
69,1.38,555.05,482.47,714.79,480.03,522.44,295.55,710.54,283.78
70,1.40,557.72,481.34,713.47,480.48,523.32,295.17,710.49,284.11
71,1.42,559.99,480.16,711.89,481.04,524.39,294.46,710.44,284.38
72,1.44,561.47,479.17,710.24,481.52,524.69,294.02,710.37,284.82
73,1.46,562.23,478.40,708.51,482.03,524.79,293.56,710.09,285.29
74,1.48,562.18,478.13,706.82,482.46,524.89,293.14,709.73,285.68
75,1.50,561.36,478.15,705.35,482.75,524.79,292.87,709.48,286.07
76,1.52,559.72,478.58,704.09,482.93,524.45,292.82,709.10,286.14
77,1.54,557.26,479.54,702.78,482.85,523.51,292.86,708.49,286.10
78,1.56,554.30,480.74,701.63,482.65,522.28,293.37,707.79,285.92
79,1.58,550.55,482.31,700.49,482.37,520.87,293.79,706.93,285.52
80,1.60,546.35,484.13,699.35,481.67,519.19,294.54,705.94,284.86
81,1.62,541.51,485.89,698.36,481.00,517.34,295.30,704.94,284.23
82,1.64,536.21,487.67,697.51,480.31,515.35,296.16,703.94,283.52
83,1.66,530.17,489.46,696.97,479.40,513.12,296.78,702.89,282.65
84,1.68,523.73,490.91,696.63,478.68,510.81,297.38,701.87,281.95
85,1.70,516.97,492.04,696.40,478.22,508.31,297.65,700.89,281.27
86,1.72,509.91,492.64,696.08,477.82,506.06,297.73,700.06,280.91
87,1.74,502.85,492.77,695.80,477.82,503.75,297.51,699.33,280.68
88,1.76,495.74,492.49,695.64,478.20,501.62,297.02,698.79,280.72
89,1.78,488.68,491.59,695.59,478.58,499.58,296.18,698.46,281.11
90,1.80,481.98,490.36,695.65,479.24,498.03,295.24,698.34,281.61
91,1.82,475.63,483.04,695.98,479.88,496.51,293.99,698.30,282.19
92,1.84,469.32,480.96,696.47,480.64,495.23,292.86,698.41,282.90
93,1.86,463.51,479.09,696.94,481.38,494.06,291.70,698.55,283.52
94,1.88,458.29,477.33,697.31,481.88,493.00,290.55,698.65,284.08
95,1.90,454.66,469.92,697.57,482.37,492.03,289.56,698.66,284.40
96,1.92,452.98,459.82,697.77,482.53,491.31,289.03,698.68,284.59
97,1.94,451.24,453.65,698.14,482.53,490.59,288.55,698.61,284.53
98,1.96,449.21,453.11,698.59,482.40,489.88,288.39,698.54,284.47
99,1.98,447.96,452.97,699.19,482.13,489.49,288.41,698.45,284.38
100,2.00,447.48,453.20,699.65,481.70,489.13,288.61,698.36,284.08
101,2.02,447.76,453.65,700.19,481.40,488.81,288.99,698.14,283.66
102,2.04,448.89,454.43,700.36,480.90,488.78,289.40,697.97,283.34
103,2.06,450.90,455.49,700.47,480.54,488.97,289.92,697.98,283.09
104,2.08,453.36,462.98,700.62,480.25,489.65,290.70,697.98,282.79
105,2.10,455.42,472.74,700.79,480.05,490.42,291.30,697.98,282.54
106,2.12,458.37,483.62,701.22,479.94,491.58,291.93,698.33,282.54
107,2.14,463.97,484.99,701.52,479.95,492.98,292.65,698.77,282.54
108,2.16,469.93,486.21,701.80,479.98,494.54,293.20,699.22,282.55
109,2.18,476.34,487.32,701.86,480.16,496.40,293.57,699.72,282.64
110,2.20,483.11,488.18,701.86,480.31,498.29,294.06,700.37,282.90
111,2.22,490.10,488.70,701.83,480.49,500.34,294.49,700.91,283.03
112,2.24,497.19,489.02,701.82,480.50,502.34,294.78,701.48,283.21
113,2.26,504.52,489.18,701.83,480.60,504.66,295.23,702.00,283.39
114,2.28,511.82,488.97,702.11,480.58,506.81,295.34,702.73,283.42
115,2.30,518.77,488.59,702.30,480.52,509.03,295.63,703.29,283.35
116,2.32,525.46,488.00,702.46,480.45,511.21,295.82,703.92,283.39
117,2.34,531.76,487.16,702.57,480.37,513.05,295.90,704.40,283.33
118,2.36,537.56,486.12,702.59,480.33,514.89,295.90,704.87,283.32
119,2.38,542.99,484.84,702.67,480.27,517.05,295.72,705.37,283.37
120,2.40,547.83,483.53,702.99,480.27,518.67,295.66,706.03,283.38
121,2.42,552.11,482.19,703.44,480.42,520.39,295.41,706.51,283.55
122,2.44,555.69,480.72,704.11,480.61,521.77,295.04,707.23,283.87
123,2.46,558.44,479.51,704.73,480.90,522.95,294.58,707.85,284.24
124,2.48,560.41,478.43,705.43,481.28,524.02,294.13,708.55,284.53
125,2.50,561.69,477.53,705.96,481.67,524.62,293.58,709.05,284.85
126,2.52,562.14,476.97,706.59,482.07,524.82,293.34,709.36,285.26
127,2.54,561.83,476.79,707.28,482.36,525.04,293.00,709.88,285.56
128,2.56,560.86,476.84,708.11,482.59,524.83,292.84,710.29,285.92
129,2.58,559.28,477.38,709.08,482.64,524.78,292.76,710.44,285.99
130,2.60,556.85,478.21,710.10,482.64,524.11,292.86,710.58,285.97
131,2.62,553.80,479.51,711.08,482.38,523.28,293.27,710.59,285.77
132,2.64,550.12,480.96,711.89,481.84,521.98,293.78,710.40,285.45
133,2.66,545.67,482.68,712.61,481.37,520.62,294.49,710.14,285.05
134,2.68,540.74,484.48,713.21,480.65,518.75,295.25,709.49,284.40
135,2.70,535.21,486.35,713.70,479.95,516.92,296.01,708.81,283.68
136,2.72,529.39,487.89,714.29,479.23,514.69,296.46,708.25,283.10
137,2.74,522.94,489.38,714.77,478.47,512.74,297.10,707.38,282.47
138,2.76,516.46,490.37,715.18,478.00,510.59,297.40,706.69,281.94
139,2.78,509.79,490.90,715.35,477.55,508.20,297.31,706.06,281.54
140,2.80,503.05,491.13,715.25,477.53,506.16,297.26,705.30,281.48
141,2.82,496.19,490.80,714.82,477.67,504.08,296.80,704.69,281.50
142,2.84,489.36,490.13,714.39,478.18,502.02,296.30,704.27,281.83
143,2.86,482.83,488.96,713.77,478.66,500.29,295.36,703.80,282.27
144,2.88,476.52,487.58,713.18,479.41,498.71,294.41,703.50,282.86
145,2.90,470.71,485.96,712.45,480.11,497.38,293.31,703.18,283.35
146,2.92,465.41,484.23,711.42,480.71,496.07,292.24,702.87,283.90
147,2.94,460.65,482.52,710.14,481.39,495.10,291.29,702.66,284.41
148,2.96,456.53,480.93,708.62,481.88,494.02,290.25,702.29,284.64
149,2.98,454.53,472.00,706.89,482.28,493.09,289.57,701.67,284.99
150,3.00,451.82,471.03,705.10,482.49,492.23,289.09,701.15,285.05
151,3.02,449.88,470.33,703.33,482.51,491.45,288.65,700.38,285.04
152,3.04,448.73,470.09,701.53,482.44,490.74,288.64,699.69,284.77
153,3.06,448.49,470.18,699.66,482.22,490.26,288.64,698.90,284.51
154,3.08,449.03,470.50,697.69,481.85,489.96,288.87,698.17,284.20
155,3.10,450.60,471.34,695.77,481.55,489.87,289.30,697.39,283.72
156,3.12,452.80,472.35,693.77,481.19,489.87,289.79,696.68,283.40
157,3.14,455.77,473.44,691.78,480.76,490.19,290.31,695.98,282.81
158,3.16,458.22,483.26,690.10,480.43,490.71,291.02,695.41,282.51
159,3.18,462.64,484.51,688.47,480.14,491.50,291.50,695.14,282.29
160,3.20,467.66,485.73,687.10,479.86,492.54,292.18,694.97,282.17
161,3.22,473.21,486.89,685.90,479.75,493.90,292.82,694.86,282.13
162,3.24,479.18,487.99,684.88,479.64,495.51,293.24,694.88,282.11
163,3.26,485.45,488.76,683.98,479.54,497.30,293.61,695.15,282.19
164,3.28,491.90,489.38,683.32,479.54,499.18,294.20,695.42,282.18
165,3.30,498.40,489.62,682.99,479.54,500.96,294.49,695.69,282.32
166,3.32,504.86,489.63,682.96,479.52,502.83,294.69,696.06,282.44
167,3.34,511.13,489.64,683.19,479.52,505.11,295.14,696.61,282.57
168,3.36,517.28,489.38,683.86,479.50,507.05,295.34,697.31,282.57
169,3.38,523.24,488.85,684.73,479.49,509.18,295.55,697.97,282.65
170,3.40,528.93,488.13,685.91,479.54,511.14,295.67,698.69,282.76
171,3.42,534.18,487.30,687.26,479.58,512.97,295.70,699.61,282.84
172,3.44,539.11,486.19,688.94,479.70,514.77,295.74,700.58,283.03
173,3.46,543.34,485.17,690.90,479.87,516.79,295.65,701.48,283.14
174,3.48,546.88,484.14,693.12,480.24,518.26,295.50,702.55,283.34
175,3.50,549.92,482.95,695.56,480.51,519.59,295.20,703.71,283.63
176,3.52,552.26,481.97,698.25,480.90,520.90,294.69,704.89,284.02
177,3.54,553.93,481.11,700.98,481.31,521.79,294.48,706.13,284.38
178,3.56,555.04,480.40,703.80,481.63,522.81,294.17,707.39,284.78
179,3.58,555.49,479.89,706.78,481.99,523.33,293.71,708.61,285.25
180,3.60,555.31,479.63,709.68,482.31,523.61,293.46,709.65,285.59
181,3.62,554.45,479.74,712.55,482.35,523.79,293.37,710.78,285.90
182,3.64,552.87,480.14,715.56,482.31,523.71,293.29,711.74,285.99
183,3.66,550.67,480.84,718.39,482.01,523.45,293.31,712.49,285.99
184,3.68,547.90,481.88,721.06,481.55,522.68,293.56,713.13,285.86
185,3.70,544.56,483.18,723.61,480.94,521.74,293.99,713.61,285.57
186,3.72,540.89,484.53,725.70,480.17,520.66,294.51,713.73,285.17
187,3.74,536.77,485.98,727.61,479.24,519.30,295.10,713.68,284.54
188,3.76,532.22,487.43,729.32,478.32,517.60,295.63,713.49,283.95
189,3.78,527.19,488.87,730.59,477.35,515.99,296.38,713.11,283.31
190,3.80,521.87,490.03,731.60,476.52,514.21,296.77,712.58,282.70
191,3.82,516.37,490.91,732.28,475.85,512.09,297.14,712.03,282.21
192,3.83,510.66,491.46,732.48,475.52,510.23,297.35,711.37,281.89
193,3.85,504.87,491.64,732.32,475.39,508.35,297.19,710.80,281.87
194,3.87,499.27,491.43,731.63,475.50,506.37,297.04,710.17,281.88
195,3.89,493.80,490.85,730.66,475.95,504.78,296.44,709.66,282.09
196,3.91,488.51,490.01,729.37,476.63,503.36,295.74,709.13,282.52
197,3.93,483.37,488.93,727.65,477.50,501.92,294.93,708.68,283.12
198,3.95,478.58,487.57,725.62,478.48,500.66,293.93,708.12,283.70
199,3.97,474.07,486.20,723.21,479.49,499.58,292.94,707.61,284.36
200,3.99,470.09,484.66,720.47,480.48,498.57,291.94,706.91,284.98
201,4.01,466.61,483.42,717.38,481.39,497.57,291.14,706.23,285.48
202,4.03,463.80,482.31,714.10,482.13,496.58,290.36,705.21,285.91
203,4.05,461.65,481.47,710.50,482.65,495.87,289.80,704.19,286.05
204,4.07,460.13,480.95,706.77,483.03,495.19,289.48,703.05,286.07
205,4.09,459.23,480.69,702.96,483.12,494.40,289.36,701.65,285.74
206,4.11,458.91,480.80,699.19,482.95,493.70,289.36,700.25,285.55
207,4.13,459.30,481.19,695.39,482.68,493.19,289.52,698.75,285.11
208,4.15,460.34,481.88,691.47,482.06,492.71,289.90,697.39,284.57
209,4.17,462.06,482.70,687.85,481.48,492.48,290.35,696.06,283.94
210,4.19,464.42,483.70,684.21,480.69,492.49,290.84,694.70,283.40
211,4.21,467.45,484.70,680.86,479.98,492.71,291.45,693.56,282.63
212,4.23,470.95,485.76,677.91,479.30,493.26,291.94,692.58,282.20
213,4.25,474.89,486.72,675.22,478.58,493.96,292.60,691.82,281.66
214,4.27,479.24,487.63,672.88,477.89,494.95,292.96,691.29,281.45
215,4.29,483.73,488.37,671.04,477.52,496.12,293.46,690.91,281.33
216,4.31,488.48,488.84,669.55,477.19,497.38,293.74,690.83,281.29
217,4.33,493.33,489.32,668.44,476.85,498.83,294.24,690.83,281.28
218,4.35,498.29,489.53,667.88,476.68,500.52,294.40,690.79,281.24
219,4.37,503.49,489.55,667.75,476.68,502.10,294.65,691.09,281.39
220,4.39,508.44,489.45,668.25,476.67,503.92,295.12,691.58,281.45
221,4.41,513.27,489.29,669.29,476.83,505.70,295.28,692.25,281.66
222,4.43,517.86,488.97,670.77,477.08,507.42,295.43,693.07,281.80
223,4.45,522.20,488.53,672.85,477.43,509.16,295.71,693.98,282.03
224,4.47,526.30,488.04,675.32,477.79,510.76,295.86,695.05,282.18
225,4.49,529.90,487.49,678.16,478.25,512.44,295.97,696.22,282.43
226,4.51,533.36,486.72,681.37,478.84,513.78,295.93,697.52,282.75
227,4.53,536.27,486.09,684.94,479.45,515.28,296.01,698.81,282.97
228,4.55,538.78,485.44,688.88,480.16,516.71,295.86,700.43,283.38
229,4.57,540.83,484.63,693.18,480.82,517.86,295.48,702.08,283.97
230,4.59,542.30,484.05,697.60,481.45,518.86,295.30,703.86,284.37
231,4.61,543.31,483.49,702.08,481.92,519.64,294.93,705.61,284.87
232,4.63,543.65,483.13,706.77,482.39,520.50,294.53,707.47,285.49
233,4.65,543.64,482.87,711.23,482.56,521.03,294.37,709.21,285.72
234,4.67,543.15,482.85,715.67,482.53,521.26,294.18,710.77,286.12
235,4.69,542.22,483.07,720.00,482.19,521.37,294.08,712.39,286.34
236,4.71,540.81,483.42,724.17,481.62,521.41,294.04,713.72,286.29
237,4.73,539.08,484.18,728.14,480.80,521.24,294.25,714.87,286.15
238,4.75,536.78,485.00,731.96,479.86,520.63,294.51,715.87,285.72
239,4.77,534.22,485.99,735.30,478.70,519.87,294.94,716.46,285.34
240,4.79,531.34,486.99,738.11,477.39,518.93,295.46,716.66,284.73
241,4.81,527.88,488.21,740.43,476.15,517.71,296.15,716.82,284.03
242,4.83,524.36,489.20,742.17,474.90,516.48,296.63,716.74,283.38
243,4.85,520.59,489.99,743.53,473.81,515.06,297.04,716.50,282.68
244,4.87,516.72,490.63,744.43,472.99,513.56,297.37,716.20,282.23
245,4.89,512.69,491.07,744.78,472.48,512.21,297.55,715.71,281.82
246,4.91,508.64,491.22,744.69,472.38,510.75,297.56,715.33,281.69
247,4.93,504.54,491.03,743.97,472.57,509.42,297.34,714.76,281.80
248,4.95,500.48,490.64,742.70,473.25,508.12,296.94,714.33,282.19
249,4.97,496.53,489.97,740.91,474.27,506.95,296.36,713.75,282.74
250,4.99,492.73,489.16,738.59,475.50,505.91,295.61,713.28,283.36
251,5.01,489.21,488.19,735.84,476.85,505.01,294.79,712.67,284.07
252,5.03,485.99,487.13,732.65,478.37,504.15,293.88,712.02,284.88
253,5.05,483.09,486.11,729.04,479.81,503.40,293.06,711.15,285.67
254,5.07,480.53,485.15,725.03,481.12,502.64,292.33,710.13,286.29
255,5.09,478.34,484.40,720.55,482.29,501.86,291.63,708.78,286.69
256,5.11,476.50,483.86,715.73,483.21,501.12,291.24,707.37,286.99
257,5.13,475.13,483.58,710.76,483.71,500.29,290.90,705.65,287.00
258,5.15,474.17,483.59,705.67,483.94,499.48,290.83,703.75,286.80
259,5.17,473.72,483.82,700.56,483.81,498.66,290.88,701.85,286.45
260,5.19,473.74,484.27,695.51,483.40,497.94,291.26,699.93,285.81
261,5.21,474.31,484.84,690.48,482.64,497.31,291.62,698.00,285.09
262,5.23,475.32,485.52,685.49,481.63,496.90,292.17,696.08,284.29
263,5.25,476.66,486.28,680.71,480.56,496.58,292.63,694.23,283.45
264,5.27,478.43,486.95,676.20,479.37,496.49,293.14,692.54,282.59
265,5.29,480.52,487.59,672.02,478.17,496.54,293.54,691.12,281.89
266,5.31,482.95,488.17,668.27,477.01,496.83,293.87,689.85,281.35
267,5.33,485.66,488.58,665.05,475.99,497.38,294.21,688.95,280.81
268,5.35,488.64,488.86,662.40,475.12,498.04,294.43,688.25,280.50
269,5.37,491.77,489.10,660.32,474.44,498.98,294.59,687.71,280.38
270,5.39,495.02,489.22,658.77,473.90,499.94,294.74,687.45,280.32
271,5.41,498.35,489.28,657.81,473.59,501.08,294.94,687.44,280.30
272,5.43,501.63,489.26,657.49,473.52,502.12,295.08,687.47,280.32
273,5.45,504.86,489.21,657.79,473.59,503.25,295.27,687.76,280.43
274,5.47,508.04,489.16,658.89,473.88,504.53,295.48,688.41,280.59
275,5.49,511.17,489.03,660.66,474.38,505.64,295.65,689.14,280.77
276,5.51,514.13,488.87,663.13,475.01,506.85,295.86,690.13,281.08
277,5.53,516.99,488.66,666.11,475.76,508.11,296.17,691.25,281.31
278,5.55,519.58,488.47,669.63,476.65,509.34,296.37,692.54,281.63
279,5.57,521.93,488.29,673.60,477.65,510.42,296.42,693.99,282.10
280,5.59,524.03,487.92,678.01,478.73,511.53,296.45,695.65,282.58
281,5.61,525.76,487.55,682.84,479.83,512.58,296.35,697.43,283.22
282,5.63,527.23,487.22,688.01,480.83,513.60,296.15,699.41,283.80
283,5.65,528.44,486.71,693.48,481.66,514.52,295.93,701.49,284.46
284,5.67,529.34,486.36,699.15,482.40,515.50,295.64,703.70,285.17
285,5.69,529.90,486.00,704.75,482.86,516.24,295.34,705.84,285.73
286,5.71,530.26,485.68,710.37,483.05,516.97,294.98,708.07,286.24
287,5.73,530.23,485.51,715.83,482.86,517.50,294.71,710.18,286.55
288,5.75,529.85,485.52,721.19,482.36,517.90,294.56,712.15,286.73
289,5.77,529.25,485.72,726.48,481.48,518.15,294.58,713.88,286.66
290,5.79,528.26,486.14,731.52,480.41,518.15,294.62,715.46,286.44
291,5.81,527.07,486.61,736.15,479.03,517.97,294.91,716.71,286.02
292,5.83,525.62,487.31,740.29,477.40,517.58,295.34,717.64,285.42
293,5.85,524.08,487.97,743.85,475.77,517.05,295.82,718.29,284.64
294,5.87,522.34,488.66,746.87,474.20,516.36,296.39,718.64,283.98
295,5.89,520.36,489.34,749.31,472.66,515.56,296.84,718.80,283.13
296,5.91,518.23,489.83,751.12,471.48,514.72,297.38,718.78,282.56
297,5.93,515.83,490.32,752.42,470.57,513.88,297.60,718.65,282.24
298,5.95,513.49,490.54,753.17,470.09,512.90,297.77,718.39,281.75
299,5.97,511.03,490.55,753.28,470.06,512.25,297.78,718.27,281.75
300,5.99,508.63,490.42,752.74,470.39,511.40,297.61,717.93,281.89
301,6.01,506.25,490.11,751.52,471.23,510.71,297.21,717.52,282.44
302,6.03,503.91,489.62,749.67,472.42,510.14,296.84,717.28,283.01
303,6.05,501.67,488.99,747.17,473.95,509.72,296.18,716.72,283.68
304,6.07,499.61,488.37,744.20,475.62,509.26,295.52,716.24,284.46
305,6.09,497.56,487.72,740.59,477.36,508.70,294.80,715.51,285.24
306,6.11,495.66,487.00,736.52,479.21,508.21,294.16,714.38,286.20
307,6.13,494.00,486.50,731.99,480.68,507.71,293.61,713.36,286.69
308,6.15,492.56,486.14,727.02,482.07,507.06,293.24,711.65,287.32
309,6.17,491.38,485.85,721.43,483.24,506.42,292.81,710.10,287.66
310,6.19,490.51,485.84,715.68,483.85,505.77,292.75,708.13,287.66
311,6.21,489.81,486.07,709.57,484.13,504.92,292.71,705.79,287.38
312,6.23,489.42,486.36,703.62,484.09,504.17,293.03,703.49,286.94
313,6.25,489.15,486.67,697.45,483.46,503.47,293.28,701.32,286.36
314,6.27,489.16,487.19,691.51,482.60,502.69,293.61,698.87,285.35
315,6.29,489.36,487.73,685.37,481.36,501.90,294.14,696.64,284.49
316,6.31,489.81,488.21,679.70,480.09,501.42,294.50,694.54,283.77
317,6.33,490.60,488.59,674.25,478.59,501.16,294.91,692.52,282.91
318,6.35,491.60,488.98,668.92,476.93,500.83,295.25,690.74,281.91
319,6.37,492.62,489.19,664.51,475.56,500.68,295.34,689.40,281.41
320,6.39,493.92,489.26,660.50,474.24,500.85,295.39,688.17,280.93
321,6.41,495.26,489.33,657.07,472.98,501.05,295.44,687.26,280.44
322,6.43,496.59,489.32,654.34,472.14,501.24,295.49,686.49,280.24
323,6.45,498.00,489.26,652.23,471.49,501.50,295.49,685.81,279.85
324,6.47,499.60,489.19,650.73,471.08,501.69,295.55,685.61,279.85
325,6.49,501.10,489.19,650.20,470.98,502.36,295.58,685.59,279.83
326,6.51,502.75,489.19,650.33,471.02,502.89,295.65,685.63,279.84
327,6.53,504.24,489.20,651.27,471.45,503.40,295.84,686.12,279.92
328,6.55,505.67,489.20,653.05,472.07,504.06,295.95,686.86,280.12
329,6.57,507.12,489.26,655.57,472.99,504.63,296.20,687.58,280.39
330,6.59,508.37,489.25,658.74,474.06,505.30,296.31,688.67,280.84
331,6.61,509.52,489.25,662.48,475.27,505.79,296.43,690.00,281.34
332,6.63,510.51,489.26,666.83,476.56,506.49,296.44,691.55,281.85
333,6.65,511.60,489.10,671.79,478.00,507.35,296.38,693.18,282.49
334,6.67,512.48,488.88,677.27,479.40,507.90,296.34,695.10,283.26
335,6.69,513.36,488.60,683.02,480.62,508.75,296.09,697.31,284.14
336,6.71,514.00,488.31,689.08,481.68,509.60,295.75,699.58,285.02
337,6.73,514.50,487.96,695.61,482.51,510.45,295.48,701.77,285.69
338,6.75,514.85,487.61,701.96,483.07,511.20,295.11,704.31,286.32
339,6.77,515.15,487.32,708.39,483.22,511.86,294.80,706.64,287.24
340,6.79,515.29,487.13,714.70,482.90,512.55,294.52,708.94,287.40
341,6.81,515.35,487.15,720.91,482.41,513.16,294.53,711.08,287.62
342,6.83,515.37,487.16,727.16,481.28,513.54,294.52,713.08,287.42
343,6.85,515.32,487.27,732.79,480.06,513.89,294.61,714.64,287.30
344,6.87,515.23,487.56,738.01,478.40,513.96,294.96,715.95,286.92
345,6.89,514.87,487.97,743.12,476.62,514.02,295.40,717.48,285.95
346,6.91,514.56,488.44,747.20,474.96,514.06,295.74,718.03,285.43
347,6.93,514.01,488.86,750.52,473.26,513.88,296.13,718.68,284.55
348,6.95,513.53,489.31,753.50,471.70,513.65,296.64,719.30,283.86
349,6.97,513.03,489.60,755.73,470.49,513.50,297.09,719.47,283.37
350,6.99,512.52,489.87,757.40,469.56,513.22,297.41,719.45,283.09
351,7.01,512.01,490.02,758.41,469.05,513.13,297.47,719.50,282.70
352,7.03,511.50,490.02,758.69,469.06,512.99,297.55,719.50,282.70
353,7.05,510.95,489.95,758.37,469.44,512.88,297.37,719.42,282.90
354,7.07,510.34,489.65,757.20,470.37,512.79,297.23,719.32,283.12
355,7.09,509.72,489.35,755.32,471.56,512.73,296.80,719.05,283.67
356,7.11,509.14,488.95,752.75,473.12,512.73,296.46,718.61,284.38
357,7.13,508.71,488.47,749.57,474.81,512.68,295.89,718.01,285.16
358,7.15,508.27,488.10,745.91,476.57,512.61,295.50,717.44,285.79
359,7.17,507.79,487.58,741.30,478.49,512.38,294.83,716.33,286.65
360,7.19,507.49,487.26,736.40,480.22,512.20,294.56,714.95,287.33
361,7.21,507.11,486.89,730.80,481.65,511.94,294.21,713.60,287.60
362,7.23,506.70,486.90,724.84,482.77,511.54,293.89,711.80,287.98
363,7.25,506.43,486.89,718.52,483.56,510.91,293.85,709.85,288.10
364,7.27,506.10,487.03,712.03,483.94,510.27,293.88,707.64,287.92
365,7.29,505.76,487.35,705.31,483.78,509.51,294.21,705.24,287.37
366,7.31,505.56,487.65,698.80,483.36,508.70,294.51,702.94,286.97
367,7.33,505.39,488.05,692.22,482.45,507.89,294.81,700.46,286.31
368,7.35,505.27,488.40,685.82,481.40,507.26,295.28,697.96,285.45
369,7.37,505.08,488.76,679.63,480.09,506.48,295.60,695.96,284.58
370,7.39,504.83,489.08,673.65,478.53,505.86,295.85,693.72,283.64
371,7.41,504.59,489.31,668.06,476.84,505.19,296.15,691.80,282.73
372,7.43,504.41,489.43,663.04,475.36,504.52,296.16,690.17,282.02
373,7.45,504.11,489.47,658.68,473.95,504.13,296.29,688.64,281.41
374,7.47,503.81,489.48,654.83,472.70,503.68,296.25,687.47,280.72
375,7.49,503.51,489.47,651.94,471.72,503.30,296.28,686.58,280.48
376,7.51,503.21,489.45,649.67,471.04,503.06,296.24,685.83,280.12
377,7.53,502.83,489.45,648.13,470.64,502.79,296.20,685.53,280.11
378,7.55,502.50,489.45,647.43,470.51,502.54,296.12,685.24,280.11
379,7.57,501.88,489.39,647.52,470.72,502.45,296.05,685.25,280.12
380,7.59,501.39,489.40,648.45,471.10,502.39,295.97,685.56,280.16
381,7.61,500.89,489.44,650.30,471.83,502.29,295.90,685.85,280.27
382,7.63,500.35,489.40,652.86,472.87,502.29,295.91,686.54,280.61
383,7.65,499.82,489.38,656.22,474.03,502.35,295.92,687.70,281.19
384,7.67,499.51,489.29,660.32,475.46,502.36,295.92,688.87,281.63
385,7.69,499.05,489.21,664.93,476.96,502.65,295.75,690.35,282.21
386,7.71,498.70,488.95,670.12,478.47,503.12,295.49,691.89,282.90
387,7.73,498.39,488.76,675.88,479.88,503.39,295.43,693.73,283.68
388,7.75,498.00,488.48,681.76,481.17,503.80,295.12,695.90,284.44
389,7.77,497.74,488.15,688.38,482.31,504.48,294.72,698.10,285.47
390,7.79,497.72,487.77,695.00,483.11,505.19,294.43,700.29,286.21
391,7.81,497.77,487.48,701.59,483.55,505.84,294.26,702.68,286.84
392,7.83,498.04,487.17,708.16,483.59,506.54,293.73,704.94,287.29
393,7.85,498.40,487.00,714.70,483.37,507.35,293.73,707.16,287.62
394,7.87,498.82,487.00,721.08,482.68,508.01,293.77,708.95,287.71
395,7.89,499.38,487.02,727.36,481.64,508.72,293.77,711.22,287.73
396,7.91,500.09,487.21,733.09,480.45,509.31,294.20,712.83,287.43
397,7.93,500.85,487.47,738.35,478.91,509.69,294.35,714.45,286.80
398,7.95,501.81,487.82,743.35,477.27,510.25,294.74,715.64,286.29
399,7.97,502.84,488.30,747.53,475.61,510.59,295.32,716.58,285.67
400,7.99,504.11,488.70,751.11,473.99,510.93,295.73,717.39,284.85
401,8.01,505.45,489.20,753.97,472.54,511.36,296.34,718.04,284.28
402,8.03,506.76,489.50,756.15,471.47,511.62,296.61,718.48,283.80
403,8.05,508.27,489.78,757.59,470.57,512.09,296.93,718.69,283.36
404,8.07,509.64,489.97,758.43,470.13,512.48,297.30,718.87,283.04
405,8.09,511.12,489.97,758.61,470.06,512.95,297.29,718.98,283.00
406,8.11,512.57,489.84,758.03,470.39,513.46,297.26,718.99,283.13
407,8.13,514.09,489.67,756.75,471.15,513.90,297.25,719.03,283.15
408,8.15,515.57,489.37,754.77,472.25,514.39,297.01,718.80,283.63
409,8.17,516.96,488.99,752.14,473.64,514.94,296.53,718.50,284.31
410,8.19,518.31,488.50,748.67,475.31,515.42,296.33,718.22,284.80
411,8.21,519.46,487.97,744.87,476.97,515.67,295.91,717.61,285.61
412,8.23,520.46,487.40,740.10,478.67,516.11,295.47,716.72,286.26
413,8.25,521.30,486.97,735.08,480.23,516.25,295.07,715.75,286.79
414,8.27,522.02,486.58,729.52,481.50,516.14,294.77,714.28,287.37
415,8.29,522.64,486.32,723.51,482.62,515.93,294.60,712.66,287.67
416,8.31,522.99,486.34,717.44,483.36,515.67,294.53,711.03,287.72
417,8.33,523.33,486.35,711.08,483.59,515.29,294.56,709.16,287.67
418,8.35,523.33,486.46,704.68,483.57,514.52,294.83,706.74,287.20
419,8.37,523.04,486.71,698.37,483.15,513.99,295.01,704.41,286.70
420,8.39,522.53,487.17,692.08,482.35,513.07,295.37,702.14,286.15
421,8.41,521.76,487.59,685.96,481.37,512.26,295.77,699.93,285.22
422,8.43,520.75,488.02,680.19,480.15,511.25,296.13,697.75,284.46
423,8.45,519.60,488.49,674.62,478.74,510.35,296.41,695.61,283.69
424,8.47,518.28,488.81,669.35,477.25,509.44,296.70,693.74,282.79
425,8.49,516.74,489.17,664.88,475.93,508.43,296.72,692.12,282.26
426,8.51,514.91,489.44,660.96,474.70,507.53,296.70,690.58,281.54
427,8.53,512.89,489.55,657.65,473.72,506.42,296.63,689.36,281.06
428,8.55,510.69,489.60,655.06,472.94,505.41,296.63,688.34,280.77
429,8.57,508.37,489.70,653.18,472.42,504.46,296.43,687.64,280.50
430,8.59,506.01,489.59,652.00,472.18,503.54,296.19,686.94,280.36
431,8.61,503.48,489.59,651.59,472.23,502.72,296.00,686.64,280.29
432,8.63,500.86,489.47,651.91,472.41,501.86,295.69,686.59,280.33
433,8.65,498.35,489.39,653.08,472.97,501.29,295.48,686.61,280.47
434,8.67,495.85,489.25,654.96,473.67,500.59,295.33,686.97,280.72
435,8.69,493.33,489.00,657.62,474.61,500.11,295.15,687.56,281.02
436,8.71,490.91,488.74,660.91,475.80,499.55,294.69,688.33,281.55
437,8.73,488.65,488.49,664.90,476.98,499.24,294.54,689.30,281.91
438,8.75,486.57,488.20,669.32,478.19,498.99,294.24,690.54,282.55
439,8.77,484.71,487.70,674.31,479.46,498.98,294.07,691.95,283.25
440,8.79,483.20,487.39,679.54,480.51,498.98,293.73,693.50,283.77
441,8.81,481.94,486.86,685.07,481.53,499.24,293.44,695.37,284.55
442,8.83,480.99,486.51,690.99,482.42,499.59,293.10,697.22,285.30
443,8.85,480.43,486.15,697.03,483.01,500.02,292.86,699.22,285.88
444,8.87,480.25,485.77,703.02,483.33,500.69,292.57,701.25,286.46
445,8.89,480.42,485.61,708.94,483.40,501.28,292.44,703.38,286.85
446,8.91,480.91,485.49,714.69,483.19,501.93,292.44,705.20,287.25
447,8.93,481.87,485.48,720.27,482.67,502.85,292.45,707.11,287.29
448,8.95,483.28,485.64,725.62,481.89,503.57,292.66,708.70,287.35
449,8.97,485.00,486.12,730.61,480.85,504.35,292.91,710.26,287.24
450,8.99,487.08,486.56,735.20,479.66,505.32,293.24,711.68,286.89
451,9.01,489.47,487.16,739.32,478.33,505.97,293.91,713.08,286.41
452,9.03,492.15,487.77,742.84,476.99,506.76,294.44,713.94,285.88
453,9.05,494.98,488.46,745.75,475.68,507.61,295.03,714.65,285.36
454,9.07,498.10,489.05,747.96,474.58,508.41,295.54,715.36,284.78
455,9.09,501.33,489.58,749.49,473.57,509.23,296.11,715.77,284.33
456,9.11,504.74,490.00,750.58,472.85,510.18,296.49,716.16,283.84
457,9.13,508.21,490.30,750.93,472.44,511.08,296.90,716.46,283.51
458,9.15,511.65,490.38,750.79,472.36,512.06,297.19,716.88,283.25
459,9.17,515.19,490.27,749.96,472.52,513.18,297.19,716.89,283.38
460,9.19,518.56,489.96,748.60,473.18,514.24,297.20,717.09,283.49
461,9.21,521.83,489.43,746.63,474.07,515.29,297.01,717.06,283.81
462,9.23,524.93,488.78,744.00,475.29,516.29,296.64,716.99,284.32
463,9.25,527.67,488.07,740.86,476.54,517.27,296.20,716.87,284.79
464,9.27,530.29,487.27,737.29,477.86,518.11,295.80,716.46,285.50
465,9.29,532.71,486.36,733.21,479.37,518.84,295.19,715.75,286.18
466,9.31,534.61,485.60,728.82,480.52,519.47,294.80,715.11,286.71
467,9.33,536.35,484.99,724.23,481.50,519.72,294.35,713.86,287.19
468,9.35,537.50,484.54,719.18,482.35,519.70,294.29,712.71,287.38
469,9.37,538.32,484.29,714.00,482.83,519.73,294.22,711.25,287.42
470,9.39,538.66,484.28,708.74,482.98,519.42,294.24,709.61,287.36
471,9.41,538.70,484.38,703.53,482.88,518.92,294.45,707.72,286.82
472,9.43,538.31,484.64,698.34,482.53,518.36,294.67,705.86,286.49
473,9.45,537.45,485.19,693.28,481.86,517.57,295.00,703.80,285.85
474,9.47,536.15,485.76,688.53,481.00,516.61,295.51,701.82,285.23
475,9.49,534.43,486.43,684.08,480.16,515.67,295.79,700.15,284.54
476,9.51,532.26,487.13,679.88,479.17,514.44,296.13,698.54,283.74
477,9.53,529.68,487.76,676.05,478.15,513.09,296.50,696.81,283.18
478,9.55,526.67,488.46,672.62,477.23,511.82,296.55,695.36,282.66
479,9.57,523.34,489.00,669.72,476.38,510.34,296.50,693.96,282.13
480,9.59,519.72,489.45,667.44,475.78,508.97,296.49,692.84,281.80
481,9.61,515.93,489.65,665.63,475.47,507.65,296.35,691.86,281.60
482,9.63,511.90,489.82,664.45,475.28,506.26,296.15,691.21,281.50
483,9.65,507.72,489.76,663.90,475.26,504.85,295.72,690.52,281.51
484,9.67,503.42,489.76,663.90,475.41,503.58,295.42,690.21,281.51
485,9.69,499.00,489.60,664.46,475.71,502.20,294.92,690.00,281.54
486,9.71,494.56,489.29,665.62,476.21,500.88,294.51,689.92,281.74
487,9.73,490.35,488.90,667.27,476.71,499.72,294.17,689.97,281.85
488,9.75,486.18,488.44,669.48,477.45,498.66,293.71,690.30,282.20
489,9.77,482.29,487.95,672.28,478.21,497.77,293.29,690.83,282.46
490,9.79,478.62,487.32,675.42,478.92,497.05,292.95,691.51,282.77
491,9.81,475.36,486.64,678.93,479.65,496.31,292.53,692.27,283.23
492,9.83,472.38,486.01,682.68,480.34,495.85,292.19,693.34,283.66
493,9.85,469.93,485.35,686.78,481.04,495.54,291.84,694.50,284.13
494,9.87,468.07,484.65,691.00,481.68,495.51,291.46,695.76,284.57
495,9.89,466.51,484.16,695.40,482.24,495.45,291.20,697.17,285.08
496,9.91,465.68,483.64,699.78,482.59,495.69,290.86,698.62,285.48
497,9.93,465.48,483.37,704.29,482.89,496.22,290.71,700.15,286.02
498,9.95,465.81,483.25,708.70,482.99,496.70,290.65,701.76,286.40
499,9.97,466.81,483.34,712.84,482.85,497.51,290.67,703.36,286.57
500,9.99,468.52,483.47,716.82,482.54,498.22,290.72,704.79,286.76
501,10.01,470.67,483.88,720.58,482.06,499.21,291.00,706.17,286.85
502,10.03,473.37,484.54,724.02,481.46,500.19,291.33,707.36,286.78
503,10.05,476.55,485.39,727.28,480.68,501.00,291.90,708.56,286.57
504,10.07,480.18,486.34,730.09,479.86,502.00,292.47,709.55,286.27
505,10.09,484.23,487.34,732.43,478.91,503.02,293.21,710.34,285.77
506,10.11,488.57,488.33,734.39,477.95,504.15,293.91,711.05,285.20
507,10.13,493.18,489.27,735.77,477.10,505.32,294.67,711.49,284.76
508,10.15,498.03,489.98,736.71,476.33,506.45,295.36,711.89,284.19
509,10.17,502.90,490.55,737.21,475.77,507.84,296.03,712.36,283.68
510,10.19,507.84,490.87,737.25,475.48,509.24,296.42,712.66,283.46
511,10.21,512.85,490.92,736.88,475.40,510.73,296.72,712.95,283.46
512,10.23,517.79,490.67,736.08,475.58,512.34,296.71,713.28,283.46
513,10.25,522.44,490.20,734.97,475.98,513.70,296.68,713.56,283.47
514,10.27,527.01,489.49,733.35,476.64,515.35,296.48,713.83,283.73
515,10.29,531.24,488.51,731.44,477.54,516.90,295.99,713.99,284.29
516,10.31,535.19,487.34,729.17,478.52,518.33,295.59,714.13,284.76
517,10.33,538.68,486.14,726.56,479.53,519.55,295.09,714.07,285.30
518,10.35,541.84,484.93,723.79,480.41,520.62,294.40,713.69,285.96
519,10.37,544.41,483.86,720.76,481.26,521.46,293.96,713.45,286.41
520,10.39,546.41,483.01,717.65,481.91,522.15,293.53,712.86,286.69
521,10.41,548.02,482.27,714.33,482.39,522.50,293.45,711.79,286.96
522,10.43,549.03,481.90,710.95,482.68,522.58,293.33,710.89,286.96
523,10.45,549.49,481.78,707.58,482.70,522.43,293.38,709.67,286.89
524,10.47,549.49,481.90,704.18,482.54,522.31,293.44,708.43,286.59
525,10.49,548.84,482.33,700.94,482.21,521.76,293.71,707.15,286.28
526,10.51,547.60,482.91,697.69,481.68,521.06,294.32,705.66,285.75
527,10.53,545.81,483.75,694.79,481.16,519.98,294.70,704.23,285.30
528,10.55,543.44,484.69,692.11,480.52,519.12,294.91,702.77,284.68
529,10.57,540.51,485.60,689.51,479.93,517.66,295.48,701.47,284.24
530,10.59,537.20,486.54,687.33,479.45,516.35,295.75,700.29,283.86
531,10.61,533.37,487.46,685.31,479.01,514.73,295.85,699.13,283.54
532,10.63,529.02,488.35,683.69,478.64,513.07,295.80,698.20,283.21
533,10.65,524.45,488.96,682.44,478.48,511.50,295.78,697.29,283.04
534,10.67,519.44,489.49,681.56,478.46,509.86,295.70,696.54,283.02
535,10.69,514.22,489.76,680.90,478.46,507.95,295.36,695.77,282.98
536,10.71,508.81,489.90,680.71,478.56,506.33,295.07,695.30,282.98
537,10.73,503.34,489.88,680.81,478.77,504.58,294.69,694.89,283.05
538,10.75,497.93,489.60,681.27,479.09,502.72,294.09,694.60,283.18
539,10.77,492.39,489.26,681.97,479.40,501.25,293.59,694.34,283.24
540,10.79,487.09,488.67,683.08,479.70,499.74,293.16,694.38,283.32
541,10.81,481.87,488.06,684.41,479.96,498.23,292.57,694.41,283.39
542,10.83,477.01,487.25,685.99,480.29,497.10,292.17,694.48,283.44
543,10.85,472.50,486.31,687.82,480.60,495.84,291.58,694.86,283.73
544,10.87,468.41,485.33,689.82,480.93,494.82,291.16,695.24,283.90
545,10.89,464.80,484.37,691.94,481.25,494.03,290.63,695.73,284.14
546,10.91,461.82,483.47,694.24,481.52,493.38,290.26,696.42,284.40
547,10.93,459.52,482.59,696.52,481.82,493.05,289.82,697.10,284.66
548,10.95,457.85,481.91,698.91,482.14,492.82,289.48,697.91,285.01
549,10.97,456.94,481.39,701.36,482.38,492.88,289.24,698.86,285.36
550,10.99,456.72,481.08,703.77,482.56,493.21,288.91,699.76,285.68
551,11.01,457.27,481.03,706.09,482.64,493.53,288.86,700.76,285.94
552,11.03,458.49,481.18,708.39,482.65,494.22,288.86,701.78,286.20
553,11.05,460.45,481.59,710.50,482.57,494.86,289.11,702.70,286.30
554,11.07,463.09,482.34,712.45,482.31,495.62,289.40,703.60,286.32
555,11.09,466.36,483.36,714.22,481.92,496.58,289.85,704.38,286.30
556,11.11,470.22,484.49,715.85,481.51,497.59,290.56,705.09,286.06
557,11.13,474.57,485.75,717.32,480.97,498.62,291.28,705.59,285.71
558,11.15,479.39,487.16,718.51,480.39,499.79,292.16,706.14,285.40
559,11.17,484.51,488.43,719.49,479.71,501.04,293.04,706.58,284.86
560,11.19,489.93,489.53,720.20,479.14,502.33,293.82,706.87,284.46
561,11.21,495.56,490.47,720.60,478.54,503.81,294.62,707.21,283.99
562,11.23,501.34,491.15,720.85,478.14,505.46,295.38,707.54,283.65
563,11.25,507.17,491.47,720.82,477.79,507.19,295.82,707.92,283.32
564,11.27,512.94,491.43,720.70,477.77,509.02,296.17,708.26,283.30
565,11.29,518.62,491.01,720.40,478.04,510.87,296.22,708.79,283.30
566,11.31,524.09,490.32,719.84,478.39,512.78,296.22,709.20,283.55
567,11.33,529.26,489.34,719.18,478.90,514.69,295.80,709.73,283.86
568,11.35,534.10,488.11,718.30,479.55,516.46,295.46,710.17,284.32
569,11.37,538.55,486.66,717.29,480.26,518.23,294.86,710.48,284.92
570,11.39,542.58,485.29,716.12,480.82,519.71,294.37,710.78,285.41
571,11.41,546.14,483.86,714.83,481.45,521.08,293.78,710.87,285.81
572,11.43,549.15,482.56,713.52,481.88,522.14,293.30,710.85,286.24
573,11.45,551.52,481.52,712.16,482.29,523.09,292.92,710.74,286.52
574,11.47,553.31,480.73,710.74,482.48,523.72,292.60,710.47,286.60
575,11.49,554.47,480.33,709.31,482.49,524.10,292.55,710.00,286.64
576,11.50,555.08,480.13,707.90,482.45,524.12,292.55,709.47,286.54
577,11.52,555.03,480.31,706.52,482.26,524.01,292.68,708.87,286.33
578,11.54,554.37,480.67,705.20,481.94,523.70,293.02,708.16,286.04
579,11.56,553.08,481.42,703.96,481.60,523.07,293.35,707.41,285.69
580,11.58,551.14,482.35,702.93,481.32,522.30,293.64,706.67,285.38
581,11.60,548.60,483.37,701.89,480.99,521.24,294.06,705.84,285.04
582,11.62,545.47,484.52,700.94,480.65,520.02,294.43,705.15,284.72
583,11.64,541.75,485.62,700.20,480.44,518.59,294.71,704.40,284.45
584,11.66,537.49,486.77,699.50,480.32,517.06,294.92,703.64,284.21
585,11.68,532.82,487.84,698.87,480.22,515.39,295.02,703.00,284.18
586,11.70,527.71,488.75,698.44,480.20,513.56,295.00,702.33,284.13
587,11.72,522.30,489.46,698.14,480.30,511.68,294.95,701.77,284.04
588,11.74,516.62,489.87,697.86,480.38,509.91,294.79,701.31,284.04
589,11.76,510.76,490.16,697.77,480.52,507.98,294.55,700.79,284.08
590,11.78,504.75,490.18,697.78,480.58,506.04,294.15,700.44,284.15
591,11.80,498.72,489.90,697.79,480.77,504.23,293.72,700.01,284.19
592,11.82,492.73,489.51,697.86,480.83,502.38,293.33,699.70,284.21
593,11.84,486.90,488.80,698.16,481.00,500.62,292.66,699.35,284.31
594,11.86,481.27,488.01,698.38,481.07,498.95,292.28,699.06,284.31
595,11.88,475.91,487.00,698.68,481.14,497.30,291.70,698.89,284.31
596,11.90,470.96,485.93,699.06,481.24,496.01,291.28,698.79,284.30
597,11.92,466.46,484.74,699.48,481.30,494.76,290.67,698.77,284.40
598,11.94,462.50,483.62,699.82,481.40,493.73,290.11,698.75,284.48
599,11.96,459.24,482.59,700.37,481.49,492.91,289.59,698.75,284.56
600,11.98,456.66,481.70,700.72,481.63,492.21,289.19,698.95,284.71
601,12.00,454.64,480.89,701.21,481.82,491.84,288.57,699.20,284.87
602,12.02,453.55,480.42,701.56,481.98,491.83,288.36,699.41,285.05
603,12.04,453.28,480.15,702.08,482.19,491.87,288.25,699.66,285.26
604,12.06,453.63,480.15,702.43,482.24,491.93,288.14,699.93,285.43
605,12.08,454.82,480.42,702.89,482.38,492.44,288.14,700.23,285.46
606,12.10,456.81,481.10,703.26,482.36,493.02,288.41,700.54,285.51
607,12.12,459.46,481.92,703.56,482.22,493.61,288.85,700.83,285.56
608,12.14,462.75,483.08,703.86,482.02,494.38,289.31,701.16,285.43
609,12.16,466.76,484.38,704.12,481.65,495.38,290.03,701.22,285.16
610,12.18,471.16,485.83,704.40,481.34,496.42,290.80,701.39,284.92
611,12.20,476.05,487.26,704.45,480.83,497.43,291.66,701.52,284.61
612,12.22,481.57,488.63,704.71,480.46,498.78,292.59,701.68,284.25
613,12.24,487.19,489.77,704.75,480.07,500.22,293.51,701.82,283.88
614,12.26,493.11,490.76,704.87,479.62,501.85,294.20,702.10,283.59
615,12.28,499.08,491.31,705.10,479.33,503.56,294.96,702.38,283.33
616,12.30,505.19,491.67,705.19,479.16,505.16,295.40,702.63,283.14
617,12.32,511.06,491.55,705.29,479.18,507.33,295.81,703.12,283.05
618,12.34,517.03,491.15,705.36,479.36,509.27,295.72,703.72,283.10
619,12.36,522.81,490.30,705.46,479.51,511.17,295.70,704.29,283.40
620,12.38,528.28,489.29,705.64,479.86,513.23,295.53,704.93,283.72
621,12.40,533.43,488.09,705.80,480.37,515.29,295.01,705.62,284.26
622,12.42,538.19,486.61,706.00,480.82,516.68,294.50,706.33,284.65
623,12.44,542.48,485.12,706.21,481.29,518.44,294.12,706.85,285.09
624,12.46,546.23,483.70,706.45,481.63,519.80,293.32,707.39,285.62
625,12.48,549.36,482.45,706.67,482.02,521.17,292.98,707.87,285.95
626,12.50,551.92,481.44,707.10,482.34,522.03,292.51,708.24,286.17
627,12.52,554.10,480.57,707.46,482.47,522.78,292.27,708.70,286.43
628,12.54,555.42,480.10,707.76,482.48,523.38,292.12,708.89,286.46
629,12.56,556.23,479.91,708.40,482.48,523.41,292.18,708.93,286.42
630,12.58,556.34,480.05,708.79,482.31,523.45,292.24,709.01,286.36
631,12.60,555.84,480.54,709.31,482.11,523.47,292.30,709.05,286.33
632,12.62,554.70,481.20,709.83,481.81,523.26,292.59,709.01,286.05
633,12.64,552.81,482.14,710.37,481.61,522.31,293.02,708.88,285.82
634,12.66,550.40,483.15,710.84,481.37,521.68,293.45,708.83,285.55
635,12.68,547.53,484.35,711.38,481.04,520.76,293.65,708.57,285.35
636,12.70,543.58,485.63,711.92,480.80,519.22,294.02,708.26,285.09
637,12.72,539.52,486.75,712.35,480.68,517.87,294.39,707.98,284.84
638,12.74,534.93,487.89,712.66,480.56,516.31,294.57,707.69,284.82
639,12.76,529.81,488.86,712.97,480.48,514.45,294.66,707.38,284.75
640,12.78,524.42,489.61,713.21,480.46,512.90,294.63,707.06,284.71
641,12.80,518.68,490.13,713.22,480.46,511.27,294.50,706.77,284.69
642,12.82,512.81,490.42,713.23,480.46,509.01,294.17,706.27,284.71
643,12.84,506.81,490.47,713.23,480.47,507.27,294.12,705.91,284.73
644,12.86,500.69,490.31,712.93,480.57,505.52,293.64,705.54,284.75
645,12.88,494.62,489.85,712.56,480.60,503.63,293.21,704.97,284.77
646,12.90,488.79,489.23,712.09,480.66,502.19,292.91,704.44,284.80
647,12.92,483.12,488.38,711.42,480.65,500.49,292.32,703.98,284.80
648,12.94,477.58,487.37,710.66,480.74,498.78,291.77,703.39,284.78
649,12.96,472.53,486.32,709.81,480.83,497.32,291.32,702.92,284.77
650,12.98,467.90,485.28,708.82,480.88,496.07,290.73,702.51,284.77
651,13.00,463.77,484.15,707.77,481.13,494.85,290.30,701.89,284.83
652,13.02,460.39,483.18,706.64,481.23,493.86,289.77,701.40,284.87
653,13.04,457.57,482.36,705.43,481.41,493.16,289.32,701.06,284.92
654,13.06,455.59,481.70,704.14,481.63,492.59,288.83,700.66,285.00
655,13.08,454.32,481.30,702.78,481.80,492.25,288.71,700.31,285.08
656,13.10,453.81,481.10,701.46,481.88,492.23,288.48,700.00,285.13
657,13.12,454.08,481.14,700.14,482.20,492.22,288.50,699.61,285.22
658,13.14,455.07,481.44,698.79,482.18,492.38,288.46,699.31,285.26
659,13.16,456.79,482.09,697.48,482.18,492.68,288.69,698.97,285.18
660,13.18,459.32,483.03,696.13,482.03,493.20,289.03,698.62,285.07
661,13.20,462.50,484.00,694.96,481.78,493.72,289.47,698.27,284.91
662,13.22,466.27,485.26,693.77,481.59,494.48,290.07,698.00,284.62
663,13.24,470.66,486.57,692.82,481.20,495.41,290.92,697.69,284.30
664,13.26,475.44,487.83,691.98,480.76,496.51,291.55,697.43,283.96
665,13.28,480.61,489.14,691.24,480.25,497.67,292.42,697.34,283.56
666,13.30,485.90,490.08,690.74,479.73,499.09,293.31,697.31,283.26
667,13.32,491.57,490.88,690.39,479.37,500.61,293.78,697.28,282.89
668,13.34,497.38,491.47,690.25,479.06,502.20,294.60,697.38,282.72
669,13.36,503.31,491.63,690.25,478.74,504.11,294.98,697.68,282.64
670,13.38,509.25,491.57,690.36,478.69,505.68,295.33,698.14,282.59
671,13.40,514.85,491.24,690.67,478.80,507.61,295.31,698.64,282.63
672,13.42,520.51,490.51,691.37,479.11,509.82,295.34,699.32,283.05
673,13.44,525.94,489.51,692.22,479.42,511.39,295.17,700.15,283.43
674,13.46,530.89,488.42,693.22,479.91,513.58,294.91,701.07,283.84
675,13.48,535.61,487.03,694.51,480.47,515.19,294.44,702.07,284.39
676,13.50,539.73,485.76,695.83,480.98,516.82,293.95,702.88,284.86
677,13.52,543.41,484.57,697.49,481.49,518.20,293.53,703.92,285.36
678,13.54,546.63,483.42,699.19,482.06,519.67,292.91,704.94,285.87
679,13.56,549.22,482.39,701.12,482.43,520.73,292.59,705.80,286.26
680,13.58,551.27,481.67,703.11,482.65,521.64,292.30,706.87,286.58
681,13.60,552.66,481.26,705.33,482.88,522.37,292.19,707.79,286.79
682,13.62,553.41,481.11,707.48,482.88,522.69,292.08,708.62,286.78
683,13.64,553.57,481.27,709.65,482.79,522.68,292.21,709.32,286.83
684,13.66,553.21,481.58,711.87,482.53,522.66,292.32,710.14,286.66
685,13.68,552.13,482.28,714.08,482.25,522.64,292.44,710.54,286.57
686,13.70,550.45,483.19,716.16,481.80,522.25,292.76,710.92,286.33
687,13.72,548.08,484.23,718.29,481.36,521.43,293.30,711.39,286.00
688,13.74,545.31,485.25,720.13,480.81,520.63,293.66,711.75,285.73
689,13.76,541.82,486.39,721.81,480.36,519.54,294.02,711.83,285.52
690,13.78,537.98,487.47,723.45,479.88,518.23,294.35,711.91,285.30
691,13.80,533.59,488.48,724.79,479.48,517.19,294.58,711.97,285.07
692,13.82,528.93,489.34,725.82,479.16,515.49,294.58,711.80,284.93
693,13.84,523.68,490.01,726.70,478.84,513.89,294.66,711.60,284.85
694,13.86,518.50,490.39,727.36,478.66,512.34,294.64,711.45,284.70
695,13.88,512.98,490.59,727.66,478.56,510.71,294.44,711.16,284.68
696,13.90,507.35,490.61,727.66,478.56,509.01,294.18,710.75,284.70
697,13.92,501.74,490.45,727.39,478.65,507.40,293.92,710.41,284.70
698,13.94,496.17,490.12,726.68,478.78,505.84,293.49,709.89,284.75
699,13.96,490.65,489.52,725.69,479.07,504.21,293.10,709.25,284.84
700,13.98,485.40,488.86,724.40,479.29,502.62,292.67,708.57,284.91
701,14.00,480.36,488.13,722.72,479.57,501.27,292.33,707.84,284.99
702,14.02,475.74,487.32,720.90,479.93,499.78,291.85,707.18,285.05
703,14.04,471.60,486.48,718.73,480.26,498.58,291.39,706.19,285.06
